ciudad,lat,lon
A Coruña,43.3713,-8.396
Albacete,38.9943,-1.8585
Alicante,38.3452,-0.481
Almería,36.8381,-2.4597
Ávila,40.6565,-4.6818
Badajoz,38.8794,-6.9706
Barcelona,41.3879,2.1699
Bilbao,43.263,-2.935
Burgos,42.3439,-3.6969
Cáceres,39.4753,-6.3723
Cádiz,36.5298,-6.2926
Castellón de la Plana,39.9864,-0.0513
Ciudad Real,38.9861,-3.9274
Córdoba,37.8882,-4.7794
Cuenca,40.0704,-2.1374
Girona,41.9794,2.8214
Granada,37.1773,-3.5986
Guadalajara,40.6337,-3.1674
Huelva,37.2614,-6.9447
Huesca,42.1362,-0.4087
Jaén,37.7796,-3.7849
León,42.5987,-5.5671
Lleida,41.6176,0.62
Logroño,42.4658,-2.4499
Lugo,43.0097,-7.5568
Madrid,40.4168,-3.7038
Málaga,36.7213,-4.4214
Murcia,37.9922,-1.1307
Ourense,42.3358,-7.8639
Oviedo,43.3619,-5.8494
Palencia,42.0095,-4.5288
Pamplona,42.8125,-1.6458
Pontevedra,42.431,-8.6444
Salamanca,40.9701,-5.6635
San Sebastián,43.3183,-1.9812
Santander,43.4623,-3.8099
Segovia,40.9429,-4.1088
Sevilla,37.3891,-5.9845
Soria,41.7666,-2.4779
Tarragona,41.1189,1.2445
Teruel,40.3456,-1.1072
Toledo,39.8628,-4.0273
Valencia,39.4699,-0.3763
Valladolid,41.6523,-4.7245
Vitoria-Gasteiz,42.8469,-2.6716
Zamora,41.5033,-5.7446
Zaragoza,41.6488,-0.8891
